type	public_code	description_lv	description_en
area_of_activity	ADVOCACY	Interešu aizstāvības organizāciju darbība	Advocacy work
area_of_activity	ARCHITECTURE_RESTORATION	Arhitektūra un restaurācija	Architecture and restoration
area_of_activity	ASSOCIATION_OF_EMPLOYERS_ORGANISATIONS	Darba devēju organizāciju apvienība	Association of Employers' Organisations
area_of_activity	BOOK_PUBLISHING	Grāmatu izdošana	Book publishing
area_of_activity	CONSERVATION_OF_NATURAL_RESOURCES	Dabas resursu aizsardzība un ilgtspējīga izmantošana	Conservation and sustainable use of natural resources
area_of_activity	CRIME_PREVENTION	Noziegumu profilakse	Crime prevention
area_of_activity	CULTURE_EXCHANGE	Kultūras apmaiņa	Culture exchange
area_of_activity	CUSTOMER_RIGHTS_PROTECTION	Patērētāju tiesību aizsardzība	Customer rights protection
area_of_activity	DESIGN	Dizains	Design
area_of_activity	DEVELOPMENT_COOPERATION	Attīstības sadarbība	Development cooperation
area_of_activity	DIRECTORY_PUBLISHING	Izziņu katalogu izdošana	Publishing of directories and mailing lists 
area_of_activity	ECONOMIC_DEVELOPMENT	Ekonomiskā attīstība	Economic development
area_of_activity	EDUCATION	Izglītība	Education
area_of_activity	EMPLOYERS_ORGANISATION	Darba devēju organizācija	Employers' Organisation
area_of_activity	ENVIRONMENTAL_AWARENESS	Vides apziņa	Environmental awareness
area_of_activity	ENVIRONMENTAL_CLEANING	Vides sakopšana	Environmental cleaning
area_of_activity	ENVIRONMENTAL_PROTECTION	Vides aizsardzība. Piesārņojuma samazināšana un kontrole	Environmental protection. Pollution prevention and control
area_of_activity	FILMMAKING	Filmu producēšana	Motion picture production activities 
area_of_activity	FOLK_ART	Tautas māksla un nemateriālais mantojums	Folk art and intangible heritage
area_of_activity	GENDER_EQUALITY	Dzimumu līdztiesība	Gender equality
area_of_activity	HEALTH_EDUCATION	Sabiedrības veselība un veselības izglītība	Public health and health education
area_of_activity	HOUSING_MANAGEMENT	Mājokļu apsaimniekošana	Housing management
area_of_activity	HUMANITIES	Vēsture un humanitārās zinātnes	Humanities, incl. history
area_of_activity	INTERNATIONAL_AID_TO_COUNTRIES_AFFECTED_BY_DISASTERS	Starptautiska palīdzības līdzekļu nodrošināšana katastrofās cietušām valstīm	Providing of international assistance to countries affected by disasters
area_of_activity	INTERNATIONAL_DISASTER_RESPONSE_AND_RELIEF	Starptautiska katastrofu seku likvidēšana un palīdzība	International disaster response and relief
area_of_activity	INTERNATIONAL_HUMAN_RIGHTS_AND_PEACEKEEPING	Starptautiskās cilvēktiesības un miera uzturēšana	International human rights and peacekeeping
area_of_activity	YOUTH_ASSOCIATION_FOUNDATION	Jaunatnes biedrība vai nodibinājums	Youth association or foundation
area_of_activity	LEGAL_ADVISORY	Juridiskā palīdzība	Legal advisory
area_of_activity	LIBRARY_OPERATION	Bibliotēku darbība	Library operation
area_of_activity	MAGAZINE_PUBLISHING	Žurnālu izdošana	Publishing of magazines
area_of_activity	MUSEUMS	Muzeji	Museums
area_of_activity	MUSIC_DANCE_THEATRE	Mūzika, deja, teātris	Music, dance, theatre
area_of_activity	MUSIC_DANCE_THEATRE_SUPPORT	Mūzikas, dejas un teātra atbalsts	Music, dance, theatre support
area_of_activity	NATURE_PROTECTION	Dabas aizsardzība	Nature protection
area_of_activity	NEC_ACTIVITY	Citur neklasificēta biedrība vai nodibinājums	Not elsewhere classified activity of society or foundation
area_of_activity	NEIGHBORHOOD_DEVELOPMENT	Kopienas un apkaimes attīstība	Community and neighborhood development
area_of_activity	NEWSPAPER_PUBLISHING	Laikrakstu izdošana	Publishing of newspapers
area_of_activity	ORGANIZATION_OF_SPORTS_EVENTS	Sporta pasākumu organizēšana	Organization of sports events
area_of_activity	OTHER_CULTURAL_ACTIVITIES	Cita kultūras darbība	Other activities in culture field 
area_of_activity	OTHER_HEALTH_ACTIVITIES	Cita ar veselību saistīta darbība	Other rehabilitation-related activities
area_of_activity	OTHER_RECREATION_ACTIVITIES	Cita izklaides un atpūtas darbība	Other amusement and recreation activities
area_of_activity	PHILANTHROPIC_INTERMEDIATION	Filantropijas starpniecība	Philanthropic intermediation
area_of_activity	PROFESSIONAL_ASSOCIATION_FOUNDATION	Profesionālā biedrība vai nodibinājums	Professional association or foundation
area_of_activity	PROMOTION_OF_EMPLOYMENT	Nodarbinātības veicināšana	Promotion of employment
area_of_activity	PROMOTION_OF_VOLUNTARY_WORK	Brīvprātīgā darba veicināšana	Promotion of voluntary work
area_of_activity	PROTECTION_OF_ANIMALS	Dzīvnieku aizsardzība un labklājība	Protection and welfare of animals
area_of_activity	PROTECTION_OF_HUMAN_RIGHTS	Pilsonisko tiesību un cilvēktiesību aizsardzība	Protection of citizen and human rights
area_of_activity	RADIO_STATION	Radiostacija	Radio station
area_of_activity	REHABILITATION	Rehabilitācija	Rehabilitation
area_of_activity	REHABILITATION_OF_OFFENDERS	Likumpārkāpēju rehabilitācija	Rehabilitation of offenders
area_of_activity	RESEARCH_MEDICINE	Medicīniskā pētniecība	Research on medicine
area_of_activity	RESEARCH_SOCIAL_SCIENCES	Sociālās zinātnes, socioloģiskā un politikas pētniecība	Research on social sciences and humanities, sociology, and politics
area_of_activity	SCIENCE_TECHNOLOGY	Zinātne un tehnoloģijas	Science and technology
area_of_activity	SOCIAL_PROTECTION	Sociālā aizsardzība	Social protection
area_of_activity	SPORTS_CENTER	Sporta centrs	Sports center
area_of_activity	SPORTS_CLUB	Sporta klubs	Sports club
area_of_activity	SPORTS_EDUCATION	Sporta izglītība	Sports education
area_of_activity	SPORTS_SUPPORT	Sporta atbalsts	Support to sports
area_of_activity	SPORTS_UNION	Sporta apvienība un sporta federācija	Sports union and sports federation
area_of_activity	SUPPORT_FAMILIES_CHILDREN	Atbalsts ģimenēm un bērniem	Support to families and children
area_of_activity	SUPPORT_TO_VICTIMS_OF_CRIME	Atbalsts noziegumu upuriem	Support to victims of crime
area_of_activity	TRADE_UNION	Arodbiedrība	Trade Union
area_of_activity	TV_CHANNEL	TV kanāls	TV channel
area_of_activity	VETERINARY_SERVICES	Veterinārie pakalpojumi	Veterinary services
area_of_activity	VISUAL_ARTS	Vizuālā māksla	Visual arts
area_of_activity	VOLUNTEER_FIRE_ORGANIZATION	Brīvprātīgo ugunsdzēsēju organizācija	Volunteer fire organization
authority	CHANCERY_OF_PRESIDENT	Valsts prezidenta kanceleja	Chancery of the President of Latvia
authority	COURT	Tiesa 	Court
authority	DERIVED_PUBLIC_PERSON	Atvasināta publiska persona	Derived public person
authority	DERIVED_PUBLIC_PERSON_PARISH	Atvasināta publiska persona (Pašvaldība)	Derived public person (Parish)
authority	INSTITUTION_OF_DIRECT_ADMINISTRATION	Tiešās pārvaldes iestāde	Institution of direct administration
authority	INSTITUTION_OF_INDIRECT_ADMINISTRATION	Pastarpinātās pārvaldes iestāde	Institution of indirect administration
authority	OTHER_AUTHORITY	Cita valsts iestāde	Other public authority
authority	PARLIAMENT	Latvijas Republikas Saeima	Latvian Parliament
authority	PROSECUTION_OFFICE	Prokuratūra	Prosecution Office
capital	CONDITIONAL_EQUITY	Nosacītais pamatkapitāls	Conditional equity
capital	EQUITY_KB	Pamatkapitāls (KB)	Equity of KB (Co-operative Society)
capital	FOUNDING_AS	Dibināšanas kapitāls (AS)	Founding capital of AS (PLC)
capital	HISTORICAL_EQUITY	Pamatkapitāls (vēsture)	Equity (history)
capital	INVESTMENT	Ieguldījums	Investment
capital	MINIMUM_RESERVES	Obligātā rezerve	Minimum reserves
capital	PAID_UP_EQUITY	Apmaksātais pamatkapitāls	Paid-up equity
capital	REGISTERED_AS	Reģistrētais kapitāls (AS)	Registered capital of AS (PLC)
capital	REGISTERED_EQUITY	Reģistrētais pamatkapitāls	Registered equity
certificate_form	ELEVEN_DIGIT_REGISTRATION_NUMBER	Reģistrācijas apliecība, uz kuras norādīts vienotais vienpadsmitzīmju reģistrācijas kods	Registration certificate showing the unified eleven-digit registration number
change	ACTIVITY	Darbības veidu maiņa	Change of activity
change	ADDRESS	Adreses maiņa	Change of legal address
change	BENEFICIAL_OWNER	Izmaiņas patiesajos labuma guvējos	Change in beneficial owners
change	BRANCH	Izmaiņas filiālēs	Change in branches
change	EQUITY_CAPITAL	Pamatkapitāla maiņa	Change of equity capital
change	LEGAL_FORM	Subjekta tiesiskās formas maiņa	Change of legal form of the entity
change	LIQUIDATION	Izmaiņas saistībā ar likvidācijas procesu	Change concerning liquidation proceedings
change	MEMBER	Izamiņas dalībniekos	Change in members
change	NAME	Nosaukuma maiņa	Change of legal name
change	NEW	Reģistrēts jauns subjekts	New entity was registered
change	OFFICER	Izmaiņas amatpersonās	Change in officers
change	OTHER_CHANGE	Citas izmaiņas	Unidentified type of change
change	PROCURATION	Izmaiņas prokuristos	Change in procurations
change	REMOVAL	Subjekts no reģistra izslēgts	Entity was removed
change	REORGANIZATION	Izmaiņas saistībā ar reorganizācijas procesu	Change concerning reorganisation proceedings
change	REREGISTRATION	Reģistra maiņa	Change of register
change	SECURING_MEASURE	Nodrošinājuma līdzekļu maiņa	Change in securing measures
change_reason	ADDRESS_UPDATED	Adrese aktualizēta, pamatojoties uz Valsts adrešu reģistra datiem	Address updated based on data from the National Address Register
change_reason	ANNULLED	Anulēts	Entry annulled
change_reason	EQUITY_RECALCULATED	Pamatkapitāls pārrēķināts, pamatojoties uz Komerclikuma pārejas noteikumu 52.p	The equity capital recalculated in conformity with Paragraph 52 of the transitional provisions of the Commercial Law
change_reason	LATVIAN_IN_UPDATED	Aktualizēts personas kods, pamatojoties uz Iedzīvotāju reģistra datiem	Latvian identity number updated according to data from the Latvian Population Register
change_reason	LAW_CHANGES	Ziņas par parakstīto pamatkapitālu aktualizētas, pamatojoties uz Komerclikuma 8. panta trešās daļas 5. punktu un pārejas noteikumu 72.punktu.	Information about the subscribed share capital has been updated based on Article 8, Part Three, Clause 5 of the Commercial Law and Clause 72 of the Transitional Regulations.
cooperative_form	AGRICULTURAL_SERVICES	lauksaimniecības pakalpojumu kooperatīvā sabiedrība	Agricultural Services Cooperative Society
cooperative_form	APARTMENT_OWNERS	dzīvokļu īpašnieku kooperatīvā sabiedrība	Apartment Owners Cooperative Society
cooperative_form	BOAT_GARAGE_OWNERS	laivu garāžu īpašnieku kooperatīvā sabiedrība	Boat Garage Owners Cooperative Society
cooperative_form	CAR_GARAGE_OWNERS	automašīnu garāžu īpašnieku kooperatīvā sabiedrība	Car Garage Owners Cooperative Society
cooperative_form	HORTICULTURE	dārzkopības kooperatīvā sabiedrība	Horticulture Cooperative Society
cooperative_form	OTHER_TYPE	cits kooperatīvās sabiedrības veids	Other Type of Cooperative Society
decisive_influence	GROUP_OF_COMPANIES_CONTRACT	Koncernu līgums	Group of Companies Contract
decisive_influence	PARTICIPATION	Līdzdalība	Participation
decisive_influence_details	CONTROL	Pārvaldes līgums	Control Agreement
decisive_influence_details	CONTROL_AND_PROFIT_TRANSFER	Pārvaldes un peļņas nodošanas līgums	Control and Profit Transfer Agreement 
decisive_influence_details	HAS_EXERCISED_RIGHTS	uzņēmums ir sabiedrības dalībnieks un, izmantojot vienīgi savas dalībnieka tiesības, pārskata gada laikā ir iecēlis sabiedrības izpildinstitūcijas vai pārraudzības institūcijas locekļu vairākumu	Undertaking is a shareholder of the company and has only exercised its shareholder’s rights to elect the majority of members of the company’s executive body or supervisory body during the accounting year
decisive_influence_details	HAS_MAJORITY	uzņēmumam sabiedrībā ir balsstiesību vairākums	Undertaking has the majority of votes in the company
decisive_influence_details	HAS_RIGHTS	uzņēmumam kā sabiedrības dalībniekam ir tiesības iecelt vai atcelt sabiedrības izpildinstitūcijas vai pārraudzības institūcijas locekļu vairākumu	Undertaking as a shareholder of the company has the right to elect or dismiss the majority of members of the company’s executive body or supervisory body
decisive_influence_details	HAS_SOLE_CONTROL	uzņēmums ir sabiedrības dalībnieks un, pamatojoties uz vienošanos ar citiem dalībniekiem, viens pats kontrolē balsstiesību vairākumu sabiedrībā	Undertaking is a shareholder of the company and has sole control over the majority of voting rights in the company based on the agreement with other shareholders
decisive_influence_details	PROFIT_TRANSFER	Peļņas nodošanas līgums	Profit Transfer Agreement
document	ACCEPTANCE_CONVEYANCE_ACT	Pieņemšanas-nodošanas akti	Acceptance-conveyance act
document	AGENDA_CREDITORS_MEETING	Kreditoru sapulces darba kārtība	Agenda of the creditors’ meeting
document	AGREEMENT_BETWEEN_FOUNDER_AND_PUBLISHER	Līgums starp dibinātāju un izdevēju (MIL)	Agreement between a founder and a publisher (MIL)
document	AMENDMENTS_TO_AOA	Statūtu grozījumi	Amendments to the Articles of Association
document	AMENDMENTS_TO_PLAN_FOR_SALE_OF_PROPERTY_OF_NP	Fiziskās personas mantas pārdošanas un kreditoru prasījumu apmierināšanas plāna grozījumi	Amendments to the plan for the sale of the property of a natural person and for settling the claims of creditors 
document	AMENDMENTS_TO_PLAN_OF_MEASURES_OF_EXTRAJUDICIAL_LEGAL_PROTECTION_PROCEEDING	Ārpustiesas tiesiskās aizsardzības procesa pasākumu plāna grozījumi	Amendments to the plan of measures of the out-of-court legal protection proceedings
document	AMENDMENTS_TO_PLAN_OF_MEASURES_OF_LEGAL_PROTECTION_PROCEEDING	Tiesiskās aizsardzības procesa pasākumu plāna grozījumi	Amendments to the plan of measures of the legal protection proceedings
document	AMENDMENTS_TO_REHABILITATION_PLAN	Sanācijas plāna grozījumi	Amendments to the Rehabilitation Plan
document	AMENDMENTS_TO_RULES_OF_PROCEDURE	Reglamenta grozījumi	Amendments to the Rules of procedure
document	AMENDMENTS_TO_SETTLEMENT_APPROVED	Apstiprināti izlīguma grozījumi	Amendments to the settlement approved
document	ANNEX_TO_RULES	Reglamenta pielikums	Annex to the Rules of procedure
document	ANNOUNCEMENT_CREDITORS_MEETING	Paziņojums par kreditoru sapulci	Announcement of the creditors’ meeting
document	ANNOUNCEMENT_REGARDING_CREDITORS_MEETING_AGENDA	Paziņojums par kreditoru sapulci un sapulces darba kārtība	Announcement regarding the creditors’ meeting and the agenda of the meeting
document	ANNOUNCEMENT_REGARDING_LEGAL_ADDRESS	Paziņojums par juridisko adresi	Announcement regarding the legal address
document	ANNOUNCEMENT_REGARDING_REORGANISATION	Paziņojums par reorganizāciju	Announcement regarding the reorganisation
document	ANNOUNCEMENT_TO_CREDITORS	Paziņojums kreditoriem	Announcement to creditors
document	ANNUAL_REPORT	Gada pārskats (viss)	Annual report (full)
document	AOA	Statūti	Articles of Association
document	AOA_OF_FOREIGN_COMPANY	Ārvalstu komersantu statūti	Articles of association of foreign companies
document	AOA_OF_FOREIGN_ORGANISATIONS	Ārvalstu organizāciju statūti un to tulkojumi	Articles of association of foreign organisations and translations thereof
document	APPLICATION	Pieteikums	Application
document	APPLICATION_FOR_SHARE_ACQUISITION	Dalībnieku vai trešo personu pieteikumi daļu iegūšanai	Application of shareholders or third persons for the acquisition of shares 
document	APPLICATION_FOR_TERMINATION_OF_ACTIVITIES	Iesniegums par darbības izbeigšanu	Application for the termination of the activities
document	APPLICATION_IN_INSOLVENCY_PROCEEDING	Iesniegums	Application in Insolvency proceedings
document	APPLICATION_REGARDING_AUCTION	Pieteikums ieraksta izdarīšanai maksātnespējas reģistrā par izsoles norisi	Application for making an entry in the Insolvency Register regarding the auction process
document	APPLICATION_REGARDING_CREDITORS_MEETING	Pieteikums ieraksta izdarīšanai maksātnespējas reģistrā par kreditoru sapulci	Application for making an entry in the Insolvency Register regarding the creditors’ meeting
document	APPLICATION_REGARDING_CROSS_BORDER_INSOLVENCY	Pieteikums ieraksta izdarīšanai maksātnespējas reģistrā par pārrobežu maksātnespējas procesu	Application for making an entry in the Insolvency Register regarding the cross-border insolvency proceedings
document	APPRAISAL_REPORT	Atzinumi par mantisko ieguldījumu	Appraisal reports
document	ATTESTATION_SHARE_TRANSFER	Dokumenti, kas apliecina daļu pāreju	Documents attesting the transfer of shares 
document	AUDITOR_REPORT	Revidenta ziņojums	Auditor’s report
document	AUDITORS_OPINION	Revidenta atzinums	Auditor’s opinion
document	BALANCE_SHEET	Bilance	Balance sheet
document	BANK_STATEMENT_REGARDING_PAYMENT_OF_EQUITY	Bankas izziņas vai cits dokuments par daļas apmaksu	Bank statements or other document regarding the payment of the equity 
document	BOARD_MEMBER_RESIGNATION	Valdes locekļa paziņojums par amata atstāšanu	Notice of a member of the Board regarding the resignation
document	BOARD_STATEMENT_REGARDING_EQUITY	Valdes paziņojumi par pamatkapitāla apmaksas stāvokli	Statement of the Board regarding the payment of the equity
document	BO_JUSTIFICATION	Patieso labuma guvēju informācijas pamatojums	Justification supporting beneficial ownership disclosure statement
document	CERTIFICATION_OF_THE_DEPOSITARY	Depozitārija apliecinājums	Certification of the depositary
document	CERTIFIED_COPY_DECLARATION_OF_INSOLVENCY	Nolēmuma par maksātnespējas procesa pasludināšanu un likvidatora iecelšanu apliecināts noraksts	Certified copy of the decision on the declaration of insolvency proceedings and the appointment of the liquidator
document	CERTIFIED_TRANSLATION_DECLARATION_OF_INSOLVENCY	Nolēmuma par maksātnespējas procesa pasludināšanu un likvidatora iecelšanu apliecināts tulkojums valsts valodā	Certified translation of the decision on the declaration of insolvency proceedings and the appointment of the liquidator into the official language
document	CESSION_AGREEMENT	Cesijas līgums	Cession agreement
document	COMPOSITION_OF_GROUP_OF_COMPANIES	Koncernu veidojošo uzņēmumu saraksts	List of companies forming a group of companies
document	CONFIRMATION_OF_ARBITRATION_COURT	Šķīrējtiesas apliecinājums	Confirmation of the arbitration court
document	CONFIRMATION_OF_COMMERCIAL_PLEDGE	Komercķīlas apliecinājums	Confirmation of commercial pledge
document	CONFIRMATION_OF_LEGAL_ADDRESS	Apliecinājums vai piekrišana par juridisko adresi	Confirmation or consent to legal address
document	CONFIRMATION_THAT_ARBITRATORS_UPDATED	Apliecinājums par šķīrējtiesnešu saraksta aktualitāti	Confirmation that the list of arbitrators is updated
document	CONSENT_OF_AUDITOR	Revidenta piekrišana	Consent of the auditor
document	CONSENT_OF_BOARD_MEMBER	Valdes locekļa / rīkotājdirektora piekrišana	Consent of a member of the Board / executive director
document	CONSENT_OF_LIQUIDATOR	Likvidatora piekrišana	Consent of the liquidator
document	CONSENT_OF_SUPERVISORY_BOARD	Padomes locekļu piekrišana	Consent of members of the supervisory board
document	CONSENT_OF_SWORN_ADVOCATES_COUNCIL	Latvijas Zvērinātu advokātu padomes piekrišana	Consent of the Latvian Council of Sworn Advocates
document	CONSENT_OF_SWORN_BAILIFFS_COUNCIL	Latvijas Zvērinātu tiesu izpildītāju padomes piekrišana	Consent of the Latvian Council of Sworn Bailiffs
document	CONSENT_OF_SWORN_NOTARIES_COUNCIL	Latvijas Zvērinātu notāru padomes piekrišana	Consent of the Latvian Council of Sworn Notaries
document	CONSOLIDATED_STATEMENT	Konsolidētais gada pārskats	Consolidated financial statement
document	CONTRACT_BASIS_FOR_CLAIM_TO_BE_SECURED	Līgums, no kura izriet nodrošināmais prasījums	Contract which is the basis for the claim to be secured
document	CONTRACT_COMMERCIAL_PLEDGE	Līgums, komercķīlas	Contract, commercial pledge
document	COPY_OF_PASSPORT	Personu apliecinoša dokumenta kopija	Copy of the personal identification document
document	COURT_COVER_LETTER	Tiesas pavadvēstule	Court cover letter
document	COURT_DECISION	Tiesas lēmums/spriedums	Court decision/judgement
document	COURT_DECISION_ON_TERMINATION_OF_ACTIVITIES	Tiesas lēmums par sabiedrības darbības izbeigšanu	Court decision on the termination of the company’s activities
document	COVER_LETTER	Pavadvēstule	Cover letter
document	DECISION_OF_BOARD_OF_RELIGIOUS_AFFAIRS	TM/RLP amatpersonu lēmumi	Decisions of the Board of Religious Affairs
document	DECISION_OF_COURT_AND_LAW_ENFORCEMENT_AUTHORITY	Tiesu un citu tiesībsargājošo institūciju nolēmumi / spriedumi	Decisions / judgements of courts and other law enforcement authorities
document	DECISION_OF_PROSECUTING_AUTHORITY	Procesa virzītāju lēmumi - Policijas vēstules.prokuratūras vēstules	Decisions of the prosecuting authority - Police letters, letters from the prosecutor’s office
document	DECISION_ON_GRANTING_LAND_PLOT_FOR_USE	Pašvaldības padomes vai zemes komisijas lēmumi par zemes gabala piešķiršanu lietošanā	Decisions of the local government council or the land commission on granting a land plot for use
document	DECISION_ON_SETTLEMENT_POSSIBILITY	Lēmums par izlīguma iespēju	Decision on the settlement possibility
document	DEPENDENCY_STATEMENT	Atkarības pārskats	Economic dependecy statement
document	DOCUMENTS_CONFIRMING_REGISTRATION_OF_FOREIGN_COMPANY	Ārvalstu komersanta reģistrāciju apliecinoši dokumenti (izziņa no reģistra) un to tulkojumi	Documents confirming the registration of a foreign company (statement from the register) and translations thereof 
document	DOCUMENTS_CONFIRMING_REGISTRATION_OF_FOREIGN_ORGANISATION	Ārvalstu organizācijas reģistrāciju apliecinoši dokumenti (izziņa no reģistra) un to tulkojumi	Documents confirming the registration of a foreign organisation (statement from the register) and translations thereof
document	DOCUMENTS_IN_INSOLVENCY_PROCEEDINGS	Dokumenti, kas saistīti ar maksātnespējas procesu	Documents related to the insolvency proceedings
document	DOCUMENT_SUPPORTING_CHANGES_OF_AUTHORISED_PERSONS_IN_AKF	Dokumenti, kas apliecina izmaiņas pilnvaroto personu sastāvā vai to pilnvarojuma apjomā AKF	Documents supporting the changes in the list of authorised person or the scope of their authorisation in AKF
document	EMPLOYMENT_CONTRACT	Darba līgums	Employment contract 
document	ER_DECISION_ON_LIQUIDATION_PROCEEDINGS	UR pilnvarotā pārstāvja lēmums par uzņēmuma likvidācijas procesa pabeigšanu	Decision of the Enterprise Register authorised representative on the completion of the company’s liquidation proceedings
document	ER_ORDER	UR amatpersonas rīkojums	Order of the Enterprise Register official
document	ER_WARNING_REGARDING_ELIMINATION_OF_FAULTS	UR amatpersonas brīdinājums uzņēmumam par trūkumu novēršanu	Warning of the Enterprise Register official to the company regarding the elimination of faults 
document	FINANCIAL_REPORT_OF_LIQUIDATION_PROCEEDINGS	Likvidācijas/reorganizācijas slēguma finanšu pārskats	Closing financial report of the liquidation/reorganization proceedings
document	GIFT_AGREEMENT	Dāvinājuma līgums	Gift agreement
document	IP_COVER_LETTER	Administratora pavadvēstule	Insolvency Practitioner’s cover letter
document	IP_NOTIFICATION_REGARDING_AUCTION	Administratora paziņojums par izsoli	Insolvency Practitioner’s notification regarding the auction
document	LAND_REGISTER_DEED	Zemesgrāmatu , VZD aktu noraksti un izziņas	Copies and statements of the Land Register and the State Land Service deeds
document	LETTER	Vēstule	Letter
document	LIQUIDATION_DEED	Likvidācijas akti	Liquidation deeds
document	LIST_OF_ARBITRATORS	Šķīrējtiesnešu saraksts	List of arbitrators
document	LIST_OF_BOARD_MEMBERS	Valdes / padomes locekļu saraksts	List of members of the Board / Supervisory Board
document	LIST_OF_FOUNDERS	Dibinātāju saraksts	List of founders
document	MARRIAGE_CONTRACT	Laulības līgums	Marriage contract
document	MEMORANDUM	Dibināšanas līgums	Memorandum of association
document	MEMORANDUM_OF_ASSOCIATION	Dibināšanas lēmums	Memorandum of Association
document	MEMORANDUM_OF_FOREIGN_COMPANY	Ārvalstu komersantu dibināšanas līgumi vai citi līdzīgi dokumenti	Memorandum of association or other equivalent documents of foreign companies
document	MEMORANDUM_OF_FOREIGN_ORGANISATION	Ārvalstu organizāciju dibināšanas līgumi vai citi līdzīgi dokumenti un to tulkojumi	Memorandum of association or equivalent documents of foreign organisations and translations thereof
document	MINUTES_CREDITORS_MEETING	Kreditoru sapulču protokols/lēmums	Minutes/decision of the creditors’ meetings
document	MINUTES_CREDITORS_MEETING_WITH_ANNEXES	Reģistrācijas lietai nepievienojamie kreditoru sapulču protokoli ar pielikumiem	Minutes of the creditors’ meetings with annexes not to be added to the registration files
document	NOTARIAL_DECISION	Valsts notāru lēmumi / vēstules / protokoli	Decisions / letters / protocols of public notaries
document	NOTARY_DECISION	Notāra lēmums	Notary’s decision
document	NOTICE_ON_THE_STOCKHOLDERS_PARTICIPATION	Paziņojums par akcionāra līdzdalību	Notice on the stockholder’s participation
document	NOTICE_TO_CREDITORS_TO_SUBMIT_THEIR_CLAIMS	Uzaicinājums kreditoriem pieteikt savus prasījumus	Notice to creditors to submit their claims
document	NOTICE_TO_MEMBERS_CREDITORS_AND_REPRESENTATIVES_OF_EMPLOYEES_TO_EXPRESS_THEIR_OPINION_ON_THE_REORGANIZATION_AGREEMENT_DRAFT_AGREEMENT	Uzaicinājums dalībniekiem, kreditoriem un darbinieku pārstāvjiem izteikt viedokli par reorganizācijas līgumu/līguma projektu	Notice to members, creditors and representatives of employees to express their opinion on the reorganization agreement/draft agreement
document	OFFICER_RESIGNATION_NOTICE	Amatpersonu paziņojumi par amata atstāšanu	Notice of officers regarding the resignation 
document	OPINION	Atzinums	Opinion
document	ORDER_OF_BAILIFF	Tiesu izpildītāju rīkojumi/pieprasījums/pavadraksti	Orders/request/cover notes of court bailiffs
document	OTHER	Citi dokumenti	Other documents
document	OTHER_INSOLVENCY_DOCUMENT	Citi maksātnespējas dokumenti	Other insolvency documents
document	OUTTURN_ACCOUNT	Saimnieciskās darbības pārskats	Economic outturn account
document	OWNER_DECISION	Īpašnieka lēmumi	Owner’s decisions
document	PLAN_FOR_DIVISION_OF_REMAINING_ASSETS	Sabiedrības atlikušās mantas sadales plāni	Plan for the division of the remaining assets of the company 
document	PLAN_FOR_EXTINGUISHING_LIABILITIES	Saistību dzēšanas plāns	Plan for extinguishing the liabilities
document	PLAN_FOR_EXTINGUISHING_LIABILITIES_AMENDMENTS	Saistību dzēšanas plāna grozījumi	Amendments to the plan for extinguishing the liabilities
document	PLAN_FOR_SALE_OF_DEBTOR_PROPERTY	Parādnieka mantas pārdošanas plāns	Plan for the sale of the debtor’s property
document	PLAN_FOR_SALE_OF_DEBTOR_PROPERTY_UPDATED	Precizēts parādnieka mantas pārdošanas plāns	Plan for the sale of the debtor’s property updated
document	PLAN_FOR_SALE_OF_PROPERTY_OF_NP	Fiziskās personas mantas pārdošanas un kreditoru prasījumu apmierināšanas plāns	Plan for the sale of the property of a natural person and for settling the claims of creditors 
document	PLAN_OF_MEASURES_OF_EXTRAJUDICIAL_LEGAL_PROTECTION_PROCEEDINGS	Ārpustiesas tiesiskās aizsardzības procesa pasākumu plāns	Plan of measures of the out-of-court legal protection proceedings
document	PLAN_OF_MEASURES_OF_LEGAL_PROTECTION_PROCEEDING	Tiesiskās aizsardzības procesa pasākumu plāns	Plan of measures of the legal protection proceedings
document	POLITICAL_PARTY_PROGRAMME	Partijas programma	Political Party’s Programme
document	POWER_OF_ATTORNEY	Pilnvara, pilnvarojuma akts	Power of attorney, act of empowerment
document	PPP_CONTRACT	Publiskās un privātās partnerības līgums	Public-private partnership contract
document	PROPOSAL_TO_TRANSFER_LEGAL_ADDRESS_OF_EEIG	Priekšlikums mainīt Eiropas ekonomisko interešu grupas juridisko adresi	Proposal to transfer the legal address of a European Economic Interest Grouping
document	PROPOSAL_TO_TRANSFER_LEGAL_ADDRESS_OF_SCE	Priekšlikums mainīt Eiropas kooperatīvās sabiedrības juridisko adresi	Proposal to transfer the legal address of a European Cooperative Society
document	PROPOSAL_TO_TRANSFER_LEGAL_ADDRESS_OF_SE	Priekšlikums mainīt Eiropas komercsabiedrības juridisko adresi	Proposal to transfer the legal address of a European company
document	PROTOCOL_OF_COMPANY_OR_ORGANISATION	Sabiedrības/Organizācijas protokoli/lēmumi	Protocols/decisions of a company/organisation
document	PURCHASE_CONTRACT	Pirkuma līgumi	Purchase contracts
document	PURCHASE_LEASE_AGREEMENT	Pirkuma/nomas līgums	Purchase/lease agreement
document	QUESTIONNARE_FOR_INCLUSION_OF_INFORMATION_IN_THE_REGISTER_OF_NATURAL_PERSONS	Anketa ziņu iekļaušanai Fizisko personu reģistrā	Questionnaire for inclusion of information in the Register of Natural Persons
document	RECEIPT_ON_ENTRY_OF_COMMERCIAL_PLEDGE_IN_OTHER_REGISTER	Kvītis par komercķīlas atzīmi citā reģistrā	Receipt on the entry of commercial pledge in other register
document	RECEIPT_ON_STATE_FEES	Kvītis par publikāciju un valsts nodevām	Receipts on the publication and state fees
document	REGISTER_OF_STOCKHOLDERS	Akcionāru reģistrs	Register of stockholders
document	REGISTRATION_CERTIFICATE	Reģistrācijas apliecības	Registration certificates
document	REGISTRATION_CERTIFICATE_OF_FOREIGN_COMPANY	Ārvalstu komersantu reģistrācijas apliecības	Registration certificates of foreign companies
document	REGISTRATION_CERTIFICATE_OF_FOREIGN_ORGANISATION	Ārvalstu organizācijas reģistrācijas apliecība un tās tulkojums	Registration certificate of a foreign organisation and translation thereof
document	REGULATIONS_ON_EQUITY	Pamatkapitāla palielināšanas/samazināšanas noteikumi	Regulations for the increase/reduction of the equity
document	REHABILITATION_PLAN	Sanācijas plāns	Rehabilitation plan
document	REORGANISATION_AGREEMENT	Reorganizācijas līgumi/ligumu projekti, to projektu grozījumi	Reorganisation agreement/draft agreements, amendments to the drafts
document	REQUEST_TO_REMOVE_DUE_TO_TERMINATION_OF_ACTIVITIES	Iesniegums ar lūgumu par izslēgšanu no UR sakarā ar darbības izbeigšanu	Application containing a request to remove from register due to the termination of the activities
document	RULES_OF_PROCEDURE	Reglaments	Rules of procedure
document	SAMPLE_REPORT	Paraksta paraugs	Sample report
document	SET_OF_DOCUMENTS	Dokumentu kopums	Set of documents
document	SET_OF_DOCUMENTS_OF_FOREIGN_COMPANY	Ārvalsts komersanta dokumentu kopums	Set of documents of a foreign company 
document	SETTLEMENT_APPROVED	Apstiprināts izlīgums	Settlement approved
document	SHAREHOLDERS_REGISTER	Dalībnieku reģistrs	Shareholders’ register 
document	SPECIFIC_POWER_OF_ATTORNEY_FOR_LIQUIDATION	UR izdota speciālpilnvara pilnvarniekam veikt likvidatora funkcijas uzņemumā	Specific power of attorney issued by the Enterprise Register to the attorney to fulfil the duties of the liquidator in a company
document	SPECIMEN_SIGNATURE	Paraksta paraugs bez personas koda	Specimen signature without Identity number
document	SRS_STATEMENT	VID lēmumi/vēstules/izziņas	State Revenue Service decisions/letters/statements
document	STATEMENT	Izziņa	Statement
document	STATEMENT_FROM_HOLDER_OF_MOVABLE_PROPERTY_REGISTER	Izziņa no kustamo lietu reģistra turētāja	Statement from the holder of the movable property register
document	STATEMENT_OF_STATE_ARCHIVES	Valsts arhīva izziņa vai tam pielīdzināts dokuments	Statement of the State Archives or an equivalent document
document	STATEMENT_REGARDING_BENEFICIAL_OWNERS	Paziņojums par patiesajiem labuma guvējiem	Statement regarding the beneficial owners
document	STATEMENT_REGARDING_FOREIGN_COMPANY	Izziņa par ārvalsts komersantu, organizāciju	Statement regarding foreign company, organisation
document	STATEMENT_REGARDING_RELIGIOUS_ORGANISATION	Izziņas par RO/RO iestādi	Statement regarding religious organisation or institution
document	SUBMISSION	Iesniegums	Submission/Application
document	SUPERVISORY_BOARD_MEMBER_RESIGNATION	Padomes locekļa paziņojums par amata atstāšanu	Notice of a member of the supervisory board regarding the resignation
document	TRANSLATION_OF_AOA_OF_FOREIGN_COMPANY	Ārvalstu komersantu statūtu tulkojumi	Translations of the articles of association of foreign companies 
document	TRANSLATION_OF_MEMORANDUM_OF_FOREIGN_COMPANY	Ārvalstu komersantu dibināšanas līgumu vai citu līdzīgu dokumentu tulkojumi	Translations of the memorandum of association or other equivalent documents of a foreign company 
document	TRANSLATION_OF_REGISTRATION_CERTIFICATE_OF_FOREIGN_COMPANY	Ārvalstu komersantu reģistrācijas apliecību tulkojumi	Translations of registration certificates of foreign companies
document	VAT_APPLICATION	PVN iesniegums	VAT application
document	WARNING_FROM_AUTHORITY	Iestādes amatpersonas brīdinājumi	Warning from an official of authority
governing_body	ADMINISTRATION	Administrācija	Administration
governing_body	AUDIT_COMMITTEE	Revīzijas komisija	Audit Committee
governing_body	AUDITOR	Revidents	Auditor
governing_body	BOARD_DIRECTORS	Direktoru valde	Board of Directors
governing_body	CENTRAL_COMMITTEE	Centrālkomiteja	Central Committee
governing_body	CITY_COUNCIL	Dome	City Council
governing_body	COLLEGIUM	Kolēģija	Collegium
governing_body	COMMITTEE	Komiteja	Committee
governing_body	CONFERENCE	Konference	Conference
governing_body	CONGRESS	Kongress	Congress
governing_body	CONVENTION	Konvents	Convention
governing_body	COORDINATION_COUNCIL	Koordinācijas padome	Coordination Council
governing_body	COUNCIL_DIRECTORS	Direktoru padome	Council of Directors
governing_body	DIRECTORATE	Direkcija	Directorate
governing_body	EXECUTIVE_BOARD	Valde	Executive Board
governing_body	EXECUTIVE_BODY	Izpildinstitūcija	Executive Body
governing_body	EXECUTIVE_COMMITTEE	Izpildkomiteja	Executive Committee
governing_body	GENERAL_MEETING	Kopsapulce	General Meeting
governing_body	LIQUIDATION_COMMITTEE	Likvidācijas komisija	Liquidation Committee
governing_body	MANAGEMENT_BODY	Vadības institūcija	Management Body
governing_body	PRESIDIUM	Prezidijs	Presidium
governing_body	SECRETARIAT	Sekretariāts	Secretariat
governing_body	SENATE	Senāts	Senate
governing_body	STAFF_COMMITTEE	Arodkomiteja	Staff Committee
governing_body	SUPERVISORY_BOARD	Padome	Supervisory Board
identity_document	DRIVING_LICENCE	Vadītāja apliecība	Driving Licence
identity_document	FOREIGN_PASSPORT	Ārzemju pase	Foreign Passport
identity_document	IDENTITY_CARD	Identifikācijas karte	Identification Card
identity_document	OTHER_DOCUMENT	Cits dokuments	Other document
identity_document	PASSPORT	Pase	Passport
insolvency_certificate	A	Sertifikāts	Certificate (until 2018)
insolvency_certificate	B	Amata apliecība	Certificate (from 2018)
insolvency_certificate_ending	ANNULLED	Sertifikāta anulēšana	Certificate annulled
insolvency_certificate_ending	RELEASE_FROM_OFFICE	Atbrīvošana no amata	Release from office
insolvency_certificate_ending	REMOVAL_FROM_OFFICE	Atcelšana no amata	Removal from office
insolvency_certificate_ending	TERMINATED	Sertifikāta izbeigšana	Certificate terminated
insolvency_practice_restriction	DISCHARGE	Atstādināšana no amata	Discharge from office
insolvency_practice_restriction	SUSPENSION	Amata darbības apturēšana	Suspension from office
insolvency_proceeding_form	DEBT_RELIEF_FOR_NATURAL_PERSON	Fiziskas personas atbrīvošana no parādsaistībām	Debt relief for a natural person
insolvency_proceeding_form	INSOLVENCY	Maksātnespējas process	Insolvency proceeding
insolvency_proceeding_form	LEGAL_PROTECTION	Tiesiskās aizsardzības process	Legal protection proceeding
insolvency_proceeding_form	OUT_OF_COURT_LEGAL_PROTECTION	Ārpustiesas tiesiskās aizsardzības process	Out of court legal protection proceeding
insolvency_proceeding_subtype	MAIN	Galvenā maksātnespējas procedūra	Main insolvency proceeding
insolvency_proceeding_subtype	SECONDARY	Sekundārā maksātnespējas procedūra	Secondary insolvency proceeding
insolvency_proceeding_subtype	TERRITORIAL	Teritoriālā maksātnespējas procedūra	Territorial insolvency proceeding
insolvency_proceeding_type	CROSS_BORDER	Pārrobežu process	Cross-border proceeding
insolvency_proceeding_type	NATIONAL	Nacionālais process	National proceeding
insolvency_status	ANNULLED	Ieraksts anulēts	Entry annulled
insolvency_status	DATA_PUBLICLY_UNAVAILABLE	Saskaņā ar Maksātnespējas likumā noteikto ziņas par fiziskās personas maksātnespējas procesu vairs nav publiski pieejamas	In accordance with the provisions of the Insolvency Law, information about insolvency proceedings of a natural person is no longer publicly available
insolvency_status	DATA_STORAGE_PERIOD_EXPIRED	Saskaņā ar Maksātnespējas likumā noteikto fiziskās personas maksātnespējas procesa ziņu glabāšanas laiks ir beidzies	In accordance with the provisions of the Insolvency Law, the storage period for this natural person’s insolvency proceeding has expired
insolvency_status	ENDED	Process ir beidzies	Proceedings have ended
insolvency_status	ONGOING	Process turpinās	Proceedings are ongoing
legal_act	DECISION	Lēmums	Decision
legal_act	LAW	Likums	Law
legal_act	ORDER	Rīkojums	Order
legal_act	OTHER_LEGAL_ACT	Cits	Other
legal_act	PROTOCOL	Protokols	Protocol
legal_act	RULES	Noteikumi	Rules
legal_form	ADDITIONAL_LIABILITY_COMPANY_PAP	Sabiedrība ar papildu atbildību  (vēsturiska forma)	Additional Liability Company (historical form)
legal_form	ALLIANCE_OF_POLITICAL_PARTIES_PPA	Politisko partiju apvienība	Alliance of Political Parties
legal_form	ARBITRATION_COURT_SKT	Šķīrējtiesa	Arbitration Court
legal_form	ASSOCIATION_BDR	Biedrība	Association
legal_form	ASSOCIATION_OF_PUBLIC_ORGANISATIONS_SAA	Sabiedrisko organizāciju apvienība (vēsturiska forma)	Association of Public Organisations (historical form)
legal_form	ASSOCIATION_OF_PUBLIC_SPORTS_ORGANISATIONS_SPA	Sporta sabiedrisko organizāciju apvienība (vēsturiska forma)	Association of Public Sports Organisations (historical form)
legal_form	ASSOCIATION_OF_TRADE_UNIONS_ARA	Arodbiedrību apvienība	Association of Trade Unions
legal_form	BRANCH_FIL	Filiāle	Branch
legal_form	BRANCH_OF_EUROPEAN_ECONOMIC_INTEREST_GROUPING_EGF	Eiropas ekonomisko interešu grupas filiāle	Branch of European Economic Interest Grouping
legal_form	BRANCH_OF_FOREIGN_COMPANY_AKF	Ārvalsts komersanta filiāle	Branch of Foreign Company
legal_form	CHURCH_BAZ	Baznīca	Church
legal_form	CONGREGATION_DRZ	Draudze	Congregation
legal_form	COOPERATIVE_SHARE_COMPANY_PAJ	Paju sabiedrība  (vēsturiska forma)	Co-operative Share Company (historical form)
legal_form	COOPERATIVE_SOCIETIES_COMPANY_KBU	Kooperatīvo biedrību uzņēmums (vēsturiska forma)	Undertaking of Co-operative Societies  (historical form)
legal_form	COOPERATIVE_SOCIETY_KB	Kooperatīvā sabiedrība	Co-operative Society
legal_form	DEACONATE_INSTITUTION_DIS	Diakonijas iestāde (vēsturiska forma)	Deaconate Institution (historical form)
legal_form	DIOCESE_DIE	Diecēze	Diocese
legal_form	DIVISION_RON	Reliģiskās organizācijas nodaļa	Division of Religious Organisation
legal_form	EDUCATION_INSTITUTION_FOR_ECCLESIASTICS_GPM	Garīgā personāla mācību iestāde (vēsturiska forma)	Education Institution for Ecclesiastics (historical form)
legal_form	EUROPEAN_COMPANY_SE	Eiropas komercsabiedrība	European Company 
legal_form	EUROPEAN_COOPERATIVE_SOCIETY_SCE	Eiropas kooperatīvā sabiedrība	European Cooperative Society
legal_form	EUROPEAN_ECONOMIC_INTEREST_GROUPING_EIG	Eiropas ekonomisko interešu grupa	European Economic Interest Grouping
legal_form	FAMILY_UNDERTAKING_GIM	Ģimenes uzņēmums  (vēsturiska forma)	Family Undertaking (historical form)
legal_form	FARM_ZEM	Zemnieku saimniecība	Farm
legal_form	FISHING_UNDERTAKING_ZVJ	Zvejnieku saimniecība	Fishing Undertaking
legal_form	FOREIGN_REPRESENTATIVE_OFFICE_AKP	Ārvalsts komersanta pārstāvniecība (vēsturiska forma)	Foreign Representative Office (historical form)
legal_form	FOREIGN_REPRESENTATIVE_OFFICE_PAR	Ārvalsts komersanta pārstāvniecība	Foreign Representative Office 
legal_form	FOUNDATION_NOD	Nodibinājums	Foundation
legal_form	FULL_LIABILITY_PARTNERSHIP_LIG	Līgumsabiedrība ar pilnu atbildību (vēsturiska forma)	Full Liability Partnership (historical form)
legal_form	GENERAL_PARTNERSHIP_PS	Pilnsabiedrība	General Partnership
legal_form	INDIVIDUAL_UNDERTAKING_IND	Individuālais uzņēmums	Individual Undertaking
legal_form	INSTITUTION_OF_RELIGIOUS_ORGANISATION_ROI	Reliģiskās organizācijas iestāde	Institution of Religious Organisation
legal_form	JURIDIC_PERSON_UNDER_CANON_LAW_KAT	Katoļu baznīcas publisko tiesību juridiskā persona	Juridic person governed by the Canon law of the Catholic Church
legal_form	LIMITED_LIABILITY_COMPANY_SIA	Sabiedrība ar ierobežotu atbildību	Limited Liability Company
legal_form	LIMITED_PARTNERSHIP_KS	Komandītsabiedrība	Limited Partnership
legal_form	MISSION_MIS	Misija (vēsturiska forma)	Mission  (historical form)
legal_form	MONASTERY_KLO	Klosteris (vēsturiska forma)	Monastery (historical form)
legal_form	MUNICIPAL_COMPANY_PSV	Pašvaldības uzņēmums (vēsturiska forma)	Municipal Company (historical form)
legal_form	NEW_CONGREGATION_DRJ	Draudze (jaunā)	Congregation (new)
legal_form	OPEN_PUBLIC_FUND_ASF	Atklātais sabiedriskais fonds (vēsturiska forma)	Open Public Fund  (historical form)
legal_form	PERMANENT_UNIT_OF_TRADE_UNION_ARV	Arodbiedrības patstāvīgā vienība	Permanent Unit of Trade Union
legal_form	POLITICAL_ORGANISATION_PARTY_POL	Politiska organizācija, partija (vēsturiska forma)	Political Organisation, Party (historical form)
legal_form	POLITICAL_PARTY_PP	Politiskā partija	Political Party
legal_form	PROFESSIONAL_CORPORATION_KOR	Korporācija, profesionālā biedrība (vēsturiska forma)	Corporation, Professional Association (historical form)
legal_form	PROFESSIONAL_CREATIVE_ORGANISATION_PRO	Profesionālā radošā organizācija (vēsturiska forma)	Trade Union (historical form)
legal_form	PUBLIC_BODY	Publiskā persona vai iestāde	Public person or authority
legal_form	PUBLIC_LIMITED_COMPANY_AS	Akciju sabiedrība	Stock Company
legal_form	PUBLIC_ORGANISATION_ENTERPRISE_SOU	Sabiedriskās organizācijas uzņēmums (vēsturiska forma)	Undertaking of Public Organisation (historical form)
legal_form	PUBLIC_ORGANISATION_SAB	Sabiedriskā organizācija (vēsturiska forma)	Public Organisation  (historical form)
legal_form	PUBLIC_SPORTS_ORGANISATION_SPO	Sporta sabiedriskā organizācija  (vēsturiska forma)	Public Sports Organisation (historical form)
legal_form	RELIGIOUS_ASSOCIATION_BIE	Biedrība rel.  (vēsturiska forma)	Religious Association (historical form)
legal_form	RELIGIOUS_ORGANISATION_ENTERPRISE_REL	Reliģiskas organizācijas uzņēmums (vēsturiska forma)	Undertaking of Religious Organisation  (historical form)
legal_form	RELIGIOUS_UNION_SAV	Savienība	Religious Union
legal_form	REPRESENTATIVE_OFFICE_OF_FOREIGN_ORGANISATION_POR	Ārvalsts organizācijas pārstāvniecība	Representative Office of Foreign Organisation
legal_form	REPRESENTATIVE_OFFICE_PAR	Pārstāvniecība (vēsturiska forma)	Representative Office (historical form)
legal_form	REPRESENTATIVE_PRV	Pārstāvis (vēsturiska forma)	Representative (historical form)
legal_form	SOLE_TRADER_IK	Individuālais komersants	Sole trader
legal_form	SPIRITUAL_CENTRE_CEN	Centrs  (vēsturiska forma)	Spiritual Centre (historical form)
legal_form	STATE_OWNED_ENTERPRISE_VU	Valsts uzņēmums  (vēsturiska forma)	State-owned Enterprise (historical form)
legal_form	TRADE_UNION_ARB	Arodbiedrība	Trade Union
legal_form	TRADE_UNION_HISTORICAL_ARB	Arodbiedrība (vēsturiska forma)	Trade Union (historical form)
legal_form	UNDERTAKING_OF_COMPANY_UZN	Uzņēmējsabiedrības uzņēmums (vēsturiska forma)	Undertaking of Company (historical form)
legal_form	UNION_OF_COOPERATIVE_SOCIETIES_COMPANY_KSS	Kooperatīvo biedrību savienības uzņēmums  (vēsturiska forma)	Undertaking of Union of Co-operative Societies (historical form)
legal_form	UNION_OF_COOPRATIVE_SOCIETIES_KBS	Kooperatīvo biedrību savienība  (vēsturiska forma)	Union of Co-oprative Societies  (historical form)
legislation	139367	Politisko partiju likums (https://likumi.lv/ta/id/139367)	Political Party Law
legislation	166663	Maksātnespējas likums (https://likumi.lv/ta/id/166663)	Insolvency Law (2008-2010)
legislation	194597	Publiskās un privātās partnerības likums (https://likumi.lv/ta/id/194597)	Law on Public-Private Partnership
legislation	214590	Maksātnespējas likums (https://likumi.lv/ta/id/214590)	Insolvency Law
legislation	265207	Arodbiedrību likums (https://likumi.lv/ta/id/265207)	Law on Trade Unions
legislation	269189	Šķīrējtiesu likums (https://likumi.lv/ta/id/269189)	Arbitration Law
legislation	298656	Kooperatīvo sabiedrību likums (https://likumi.lv/ta/id/298656)	Co-operative Societies Law
legislation	36874	Reliģisko organizāciju likums (https://likumi.lv/ta/id/36874)	Law On Religious Organisations
legislation	37426	Kredītiestāžu likums (https://likumi.lv/ta/id/37426)	Credit Institution Law
legislation	40681	Par uzņēmumu un uzņēmējsabiedrību maksātnespēju (https://likumi.lv/ta/id/40681)	On the Insolvency of Undertakings and Companies
legislation	50685	Komercķīlas likums (https://likumi.lv/ta/id/50685)	Commercial Pledge Law
legislation	5490	Komerclikums (https://likumi.lv/ta/id/5490)	The Commercial Law
legislation	64879	Par presi un citiem masu informācijas līdzekļiem (https://likumi.lv/ta/id/64879)	On the Press and Other Mass Media
legislation	66072	Ārvalstu komersantu un organizāciju pārstāvniecību un pārstāvju reģistrācijas kārtība (https://likumi.lv/ta/id/66072)	Procedures for Registration of Representations and Representatives of Foreign Merchants and Organizations
legislation	66074	Laulāto mantisko attiecību reģistrācijas kārtība (https://likumi.lv/ta/id/66074)	Procedures for the Registration of Spousal Property Relations
legislation	66742	Par Latvijas Republikas un Svētā Krēsla līgumu (https://likumi.lv/ta/id/66742)	On the Agreement between the Republic of Latvia and the Holy See
legislation	722	Koncesiju likums (https://likumi.lv/ta/id/722)	Concessions Law
legislation	72326	Par uzņēmumu un uzņēmējsabiedrību maksātnespēju un bankrotu (https://likumi.lv/ta/id/72326)	On the Insolvency and Bankruptcy of Undertakings and Companies
legislation	72428	Par individuālo (ģimenes) uzņēmumu un zemnieka vai zvejnieka saimniecību (https://likumi.lv/doc.php?id=72428)	On individual, family, farm and fishing undertaking
legislation	72847	Par Latvijas Republikas Uzņēmumu reģistru (https://likumi.lv/ta/id/72847)	On the Enterprise Register of the Republic of Latvia
legislation	81050	Biedrību un nodibinājumu likums (https://likumi.lv/ta/id/81050)	Associations and Foundations Law
liquidations	LIQUIDATION	Likvidācija	Liquidation
liquidation_suspension_prohibition	ACTIVITY_CONTINUED	Darbības turpināšana	Activity continued
liquidation_suspension_prohibition	ACTIVITY_OF_RELIGIOUS_ORGANISATION_TERMINATED	Reliģiskas organizācijas darbības izbeigšana	Activity of a Religious Organisation terminated
liquidation_suspension_prohibition	ACTIVITY_RESTORED	Darbības atjaunošana	Activity restored
liquidation_suspension_prohibition	ACTIVITY_SUSPENDED	Darbības apturēšana	Activity suspended 
liquidation_suspension_prohibition	ACTIVITY_SUSPENDED_BY_COURT	Darbības apturēšana uz tiesas lēmuma pamata	Activity suspended by a court decision
liquidation_suspension_prohibition	ACTIVITY_TERMINATED	Darbības izbeigšana	Activity terminated 
liquidation_suspension_prohibition	ACTIVITY_TERMINATED_BY_COURT	Darbības izbeigšana uz tiesas lēmuma pamata	Activity terminated by a court decision
liquidation_suspension_prohibition	ECONOMIC_ACTIVITY_RESTORED	Saimnieciskās darbības atjaunošana	Economic activity restored
liquidation_suspension_prohibition	ECONOMIC_ACTIVITY_SUSPENDED	Saimnieciskās darbības apturēšana	Economic activity suspended
liquidation_suspension_prohibition	EEIG_DECLARED_TO_BE_NONEXISTENT	EEIG atzīta par neesošu	EEIG declared to be non-existent
liquidation_suspension_prohibition	LIQUIDATION	Likvidācijas process	Liquidation proceeding
liquidation_suspension_prohibition	NON_REREGISTRATION	Nepārreģistrācija	Non Re-registration
liquidation_suspension_prohibition	PROHIBITION_ON_BUSINESS_ACTIVITY	Aizliegums veikt uzņēmējdarbību	Prohibition on business activity
liquidation_suspension_prohibition	PROHIBITION_ON_BUSINESS_ACTIVITY_REMOVED	Aizlieguma veikt uzņēmējdarbību atcelšana	Prohibition on business activity removed
liquidation_suspension_prohibition	PROHIBITION_ON_PUBLIC_ACTIVITY	Publiskās darbības vai citas darbības aizliegums	Prohibition on public activity or other activity
liquidation_suspension_prohibition	PROHIBITION_ON_PUBLIC_ACTIVITY_REMOVED	Publiskās darbības vai citas darb. aizlieg. atc.	Prohibition on public activity or other activity removed
liquidation_suspension_prohibition	REFORM_OF_ASSOCIATIONS	Biedrību reforma	Reform of Associations
liquidation_suspension_prohibition	REFORM_OF_POLITICAL_PARTIES	Polistiko partiju reforma	Reform of Political Parties
liquidation_suspension_prohibition_result	ACTIVITY_CONTINUED	Darbības turpināšana	Activity continued
liquidation_suspension_prohibition_result	ACTIVITY_RESTORED	Darbības atjaunošana	Activity restored
liquidation_suspension_prohibition_result	ACTIVITY_TERMINATED	Darbība izbeigta	Activity terminated
liquidation_suspension_prohibition_result	ANNULLED_PROCEEDING	Anulēts	Annulled
liquidation_suspension_prohibition_result	CANCELLED	Pārtraukts	Cancelled
liquidation_suspension_prohibition_result	ECONOMIC_ACTIVITY_RESTORED	Saimnieciskās darbības atjaunošana	Economic activity restored
liquidation_suspension_prohibition_result	IN_PROGRESS	Process risinās	In progress
liquidation_suspension_prohibition_result	IN_REHABILITATION	Sanēts	In rehabilitation
liquidation_suspension_prohibition_result	LIQUIDATED	Likvidēts	Liquidated
liquidation_suspension_prohibition_result	PROHIBITON_ON_BUSINESS_ACTIVITY_REMOVED	Aizlieguma veikt uzņēmējdarbību atcelšana	Prohibition on business activity removed
liquidation_suspension_prohibition_result	PROHIBITON_ON_PUBLIC_ACTIVITY_REMOVED	Publiskās darbības vai citas darbības aizlieguma atcelšana	Prohibition on public activity or other activity removed
nature_of_control	AS_COOPERATIVE_MEMBER	kā kooperatīvās sabiedrības biedrs	as a cooperative society member
nature_of_control	AS_FOUNDATION_FOUNDER	kā nodibinājuma dibinātājs	as a foundation founder
nature_of_control	AS_MEMBER	kā dalībnieks	as a company member/shareholder
nature_of_control	AS_OWNER	kā īpašnieks	as the owner
nature_of_control	AS_PARTNERSHIP_MEMBER	kā personālsabiedrības biedrs	as a partnership member
nature_of_control	AS_REPRESENTATIVE	kā izpildinstitūcijas vai pārvaldes institūcijas pārstāvis	as a representative of the executive institution or of the administrative body
nature_of_control	AS_SHAREHOLDER	kā akcionārs	as a shareholder in a stock company
nature_of_control	AS_SOCIETY_MEMBER	kā biedrības biedrs	as a society member
nature_of_control	ON_GROUNDS_OF_AUTHORIZATION	uz pilnvarojuma līguma pamata	on grounds of the Power of Attorney
nature_of_control	ON_GROUNDS_OF_BUSINESS_RELATIONS	uz darījuma attiecību pamata	on grounds of the business relations
nature_of_control	ON_GROUNDS_OF_PROPERTY_RIGHT	uz īpašumtiesību pamata	on grounds of the property right
nature_of_control	OTHER_TYPE_OF_CONTROL	cits	other
nature_of_control	VIA_ARRANGEMENT_AS_AUTHORIZING_PERSON	caur juridisko veidojumu kā pilnvarotājs	via legal arrangement as the authorizing person
nature_of_control	VIA_ARRANGEMENT_AS_FOUNDER	caur juridisko veidojumu kā dibinātājs	via legal arrangement as the founder
nature_of_control	VIA_ARRANGEMENT_AS_MANAGING_PERSON	caur juridisko veidojumu kā pārvaldītājs	via legal arrangement as the managing person
notice_types	APPOINTMENT_OF_LIQUIDATOR	Paziņojums par likvidācijas procesa uzsākšanu un likvidatora iecelšanu	Notice of the commencement of the liquidation and the appointment of a liquidator
notice_types	BASE_CAPITAL	Pieņemts lēmums par pamatkapitāla samazināšanu	Decision of the reduction of fixed capital
notice_types	LIQUIDATION_START	Paziņojums par sabiedrības darbības izbeigšanu un likvidācijas procesa uzsākšanu	Notice of company's termination and the commencement of the liquidation
notice_types	RELEASE_OF_LIQUIDATOR	Paziņojums par likvidatora atbrīvošanu, uzaicinājums iesniegt pieteikumu par likvidatora iecelšanu	Notice of the release of the liquidator, invitation to submit application for the appointment of a liquidator
notice_types	REORG	Paziņojums par reorganizāciju	Notice of reorganization
notice_types	REORGANIZATION_DISPUTE	Paziņojums par reorganizācijas apstrīdēšanu	Notice of contestation of reorganization
notice_types	TERM	Paziņojums par komersanta nodomu apturēt darbību	Notice of the sole trader's intention of termination
notice_types	TERMINATION	Paziņojums par sabiedrības darbības izbeigšanu, uzaicinājums iesniegt pieteikumu par likvidatora iecelšanu	Notice of company's termination, invitation to submit application for the appointment of a liquidator
number_place_name	MILLIONS	Miljoni	Millions
number_place_name	ONES	Vieni	Ones
number_place_name	THOUSANDS	Tūkstoši	Thousands
pledge_animal	BEE_COLONY	bišu saimes	bee colonies
pledge_animal	BOVINE	liellopi	bovine animals
pledge_animal	EQUID	zirgi	equidae
pledge_animal	FISHPOND	zivju dīķi	fishponds
pledge_animal	FUR_ANIMAL	kažokzvēri	fur animals
pledge_animal	GOAT	kazas	goats
pledge_animal	POULTRY	mājputni	poultry
pledge_animal	RABBIT	truši	rabbits
pledge_animal	SHEEP	aitas	sheep
pledge_animal	SWINE	cūkas	swine
pledge_change	AMENDMENTS	Grozījumi reģistrēti	Amendments registered
pledge_change	ANNULLED	Reģistrēta komercķīlas anulēšana	Commercial pledge annulled
pledge_change	ANNULLED_BY_CSN	Akta atcelšana ar valsts galvenā notāra lēmumu	Commercial pledge annulled by the decision of the Chief State Notary 
pledge_change	CESSION	Cesija reģistrēta	Cession registered
pledge_change	CORRECTIONS	Labojumi reģistrēti	Corrections registered
pledge_change	EXERCISE_OF_RIGHT_APPLICATION	Pieteikums par komercķīlas tiesības izlietošanu pievienots komercķīlas reģistrācijas lietai	Application for the exercise of the right of commercial pledge added to the registration file of commercial pledge 
pledge_change	EXERCISE_OF_RIGHT_NOTIFICATION	Reģistrēts paziņojums par komercķīlas tiesību izlietošanu	Notification regarding the exercise of the right of commercial pledge registered 
pledge_change	FIVE_YEARS_REMOVAL	5 gadu dzēšana	Removed due to the reason that five years have passed since the registration without notification of extension (rule effective until 2015)
pledge_change	IDENTITY_NUMBER_UPDATED	Aktualizēts personas kods, pamatojoties uz Iedzīvotāju reģistra datiem	Latvian identity number updated based on the data of the Population Register
pledge_change	LEGAL_PERSON_DATA_UPDATE	Juridisko personu datu aktualizēšanas regulārā procedūra	Regular procedure for updating data of legal persons
pledge_change	MANAGER	Pārvaldnieka iecelšana reģistrēta	Appointment of manager registered
pledge_change	NEW	Komercķīla reģistrēta	New commercial pledge registered
pledge_change	NOVATION	Pārjaunojums reģistrēts	Novation registered
pledge_change	PLEDGEE	Ņēmēja maiņa	Change of pledgee 
pledge_change	REGISTRATION_ERROR	Kļūda reģistrācijas procesā	Error in the registration process 
pledge_change	REJECTION_OF_RIGHT_APPLICATION	Atteikts pieteikums par komercķīlas tiesības izlietošanu pievienošanu komercķīlas reģistrācijas lietai	Application for adding commercial pledge right to commercial pledge registration file has been rejected
pledge_change	REJECTION_OF_RIGHT_NOTIFICATION	Atteikts reģistrēt pieteikumu par komercķīlas tiesības izlietošanu	Exercise of the right of commercial pledge has been rejected
pledge_change	REMOVAL	Komercķīla dzēsta	Commercial pledge removed
pledge_change	TERM_EXTENDED	Termiņa pagarināšana	Extension of the five years term  (rule effective until 2015)
pledge_intellectual_property	DESIGN	Dizainparaugs	Design
pledge_intellectual_property	PATENT	Patents	Patent
pledge_intellectual_property	SEMICONDUCTOR_TOPOGRAPHY	Pusvadītāju izstrādājumu topogrāfija	Topography of semiconductor products
pledge_intellectual_property	TRADEMARK	Preču zīme	Trademark
pledge_inventory	GOODS	Gatavie ražojumi un preces pārdošanai	Finished products and goods for sale 
pledge_inventory	RAW_MATERIALS	Izejvielas, pamatmateriāli un palīgmateriāli	Raw materials, basic materials, and consumables 
pledge_party	ACQUIRING_PLEDGEE	Iegūstošais ņēmējs	Acquiring pledgee
pledge_party	CEDENT	Cedents	Cedent
pledge_party	CESSIONARY	Cesionārs	Cessionary
pledge_party	COURT	Tiesa	Court
pledge_party	DEBTOR	Parādnieks	Debtor
pledge_party	MANAGER	Pārvaldnieks	Manager
pledge_party	PLEDGEE	Ķīlas ņēmējs	Pledgee
pledge_party	PLEDGOR	Ķīlas devējs	Pledgor
pledge_scope	NOT_PLEDGED	Netiek ieķīlāts	Not pledged
pledge_scope	POOL_OF_ASSETS	Lietu kopība uz ieķīlāšanas brīdi	Pool of assets at the time of pledging 
pledge_scope	POOL_OF_ASSETS_WITH_FUTURE_PARTS	Lietu kopība uz ieķīlāšanas brīdi, kā arī lietu kopības nākamās sastāvdaļas	Pool of assets at the time of pledging, as well as all further future parts of the pool
pledge_scope	SINGLE_ASSET	Atsevišķa lieta	Single asset
pledge_securities	CAPITAL_SHARES	Kapitāldaļas	Capital shares
pledge_securities	COOPERATIVE_SHARES	Pajas	Cooperative shares
pledge_securities	ORDINARY_SHARES	Parastās akcijas	Ordinary shares
pledge_securities	PRIVATE_PLACEMENTS	Slēgtās emisijas akcijas	Private  placements
pledge_securities	REGISTERED_SHARES	Vārda akcijas	Registered shares
pledge_securities	SHARES	Akcijas	Shares
pledge_securities	TREASURY_BONDS	Valsts iekšējā aizņēmuma obligācijas	Treasury bonds
pledge_termination	ANNULLED	Anulēta	Annulled
pledge_termination	CORRECTED	Labota	Corrected
pledge_termination	FIVE_YEARS_REMOVAL	Piecu gadu dzēšana	Removed due to the reason that five years have passed since the registration without notification of extension (rule effective until 2015)
pledge_termination	NOVATED	Pārjaunota	Novated
pledge_termination	REMOVED	Dzēsta	Removed
pledge_termination	REMOVED_BY_COURT_DECISION	Dzēsta uz tiesas nolēmuma pamata	Removed on the basis of a court decision
pledge_vehicle	HEAVY_EQUIPMENT	Traktortehnika	Heavy equipment
pledge_vehicle	ROAD_VEHICLE	Mehāniskie transporta līdzekļi	Road vehicles 
pledge_vehicle	SMALL_WATERCRAFT	Mazizmēra kuģošanas līdzekļi	Small-size watercraft
position	ADMINISTRATIVE_MANAGER	Administratīvais vadītājs	Administrative Manager
position	ADMINISTRATOR	Administrators	Administrator
position	ARBITRATOR	Tiesnesis	Arbitrator
position	AUDITOR	Revidents	Auditor
position	AUTHORISED_REPRESENTATIVE	Pilnvarotais pārstāvis	Authorised representative
position	BOARD_MEMBER	Valdes loceklis	Member of the Board
position	BRANCH_REPRESENTATIVE	Persona, kura pilnvarota pārstāvēt komersantu darbībās, kas saistītas ar filiāli	A person authorized to represent the merchant in activities related to a branch
position	CHAIR_OF_BOARD	Valdes priekšsēdētājs	Chairperson of the Board
position	CHAIR_OF_SUPERVISORY_BOARD	Padomes priekšsēdētājs	Chairman of the Supervisory Board
position	CO_OWNER	Līdzīpašnieks	Co-owner
position	DEPUTY_CHAIR_OF_SUPERVISORY_BOARD	Padomes priekšsēdētāja vietnieks	Deputy Chairman of the Supervisory Board
position	ESTATE_TRUSTEE	Mantojuma aizgādnis	Estate Trustee
position	GENERAL_MANAGER	Vadītājs	General Manager
position	GUARDIAN	Aizbildnis	Guardian of a minor
position	LIQUIDATOR	Likvidators	Liquidator
position	MANAGER	Vadītājs	Manager
position	MANAGING_DIRECTOR	Rīkotājdirektors	Managing Director
position	MEMBER	Biedrs	Member
position	OWNER	Īpašnieks	Owner
position	PRESIDENT	Prezidents	President
position	REPRESENTATIVE_MANAGER	Pārvaldnieks	Representative manager
position	REPRESENTATIVE_OF_THE_ADMINISTRATOR	Administratora pārstāvis	Administrator representative
position	REPRESENTATIVE_OF_THE_LIQUIDATOR	Likvidatora pārstāvis	Representative of the Liquidator
position	SUPERVISORY_BOARD_MEMBER	Padomes loceklis	Member of the Supervisory Board
ppp	CONTRACTUAL	Līgumiskā publiskā un privātā partnerība	Contractual public-private partnership
ppp	INSTITUTIONAL	Institucionālā publiskā un privātā partnerība	Institutional public-private partnership
ppp_contract	PUBLIC_SERVICE	Publisko pakalpojumu līgums	Public service contract
ppp_contract	PUBLIC_WORKS	Publisko būvdarbu līgums	Public works contract
ppp_contract	SERVICE_CONCESSION	Pakalpojumu koncesijas līgums	Service concession contract
ppp_contract	WORKS_CONCESSION	Būvdarbu koncesijas līgums	Works concession contract
ppp_contract_change	NAME	Koncesijas nosaukums	Concession name
ppp_contract_change	OBJECT	Koncesijas objekts	Contract object
ppp_contract_change	RESOURCES	Koncesijas resursi	Contract resources
ppp_contract_change	RIGHTS	Koncesijas tiesības	Contract rights
ppp_contract_change	TIME_LIMIT	Izbeigšanas datums	Contract time limit
ppp_contract_change	VALUE	Koncesijas līgumcena	Contract value
ppp_decision	AGREEMENT_ON_TERMINATION	Vienošanās par koncesijas līguma izbeigšanos	Agreement on the termination of a concession contract
ppp_decision	ENTERING_INTO_CONCESSION	Lēmums par koncesijas līguma noslēgšanu	Decision on entering into a concession agreement
ppp_decision	INITIATION_OF_PPP_PROCEDURE	Lēmums par publiskās un privātās partnerības procedūras uzsākšanu	Decision on the initiation of public and private partnership procedure
ppp_decision	TRANSFER_OF_RESOURCES	Lēmums par koncesijas resursu nodošanu koncesijā	Decision on the transfer of concession resources for concession
ppp_party	GRANTOR	Koncedents	Concession Grantor
ppp_party	HOLDER	Koncesionārs	Concession Holder
ppp_party	PRIVATE_PARTNER	Privātais partneris	Private Partner
ppp_party	REPRESENTATIVE_OF_PUBLIC_PARTNER	Publiskā partnera pārstāvis	Representative of the Public Partner
publication_change_types	ADDRESS_UPDATE	Adreses datu aktualizācija	Update of address data
publication_change_types	AUTHORIZED_PERSON	Pilnvarotās personas iecelšana	Appointment of the representative
publication_change_types	AUTHORIZED_PERSON_REMOVAL	Pilnvarotās personas atcelšana	Release of the representative
publication_change_types	BANKRUPTCY_PROCESS_END	Komersanta bankrota procedūras pabeigšana	Termination of the bankruptcy procedure
publication_change_types	BUSINESS_ACTIVITY_RENEWAL	Saimnieciskās darbības atjaunošana	Business activity renewal
publication_change_types	BUSINESS_ACTIVITY_SUSPENSION	Saimnieciskās darbības apturēšana	Business activity suspension
publication_change_types	CAPITAL_DENOMINATION	Apmaksātā pamatkapitāla denominācija	Denomination of fixed capital
publication_change_types	CAPITAL_INCREASE	Apmaksātā pamatkapitāla izmaiņas	Changes of paid capital
publication_change_types	CAPITAL_REDUCTION	Apmaksātā pamatkapitāla samazināšana	Reduction of fixed capital
publication_change_types	CHANGE_IN_AUTHORIZED_PERSON	Izmaiņas informācijā par pilnvaroto personu	Changes of the representative data
publication_change_types	CHANGE_IN_AUTHORIZED_PERSON_DATA	Izmaiņas informācijā par pilnvaroto personu	Changes in representative data
publication_change_types	CHANGE_IN_BOARD_MEMBER_COMPOSITION	Izmaiņas valdes sastāvā	Changes to the composition of the board
publication_change_types	CHANGE_IN_BOARD_MEMBER_DATA	Izmaiņas informācijā par valdes locekli	Changes in board member data
publication_change_types	CHANGE_IN_COUNCIL_COMPOSITION	Izmaiņas padomes sastāvā	Changes to the composition of the council
publication_change_types	CHANGE_IN_COUNCIL_MEMBER_DATA	Izmaiņas informācijā par padomes locekli	Changes in council member data
publication_change_types	CHANGE_IN_LIMITED_PARTNER_DATA	Izmaiņas komandītu datos	Changes in limited partner data
publication_change_types	CHANGE_IN_LIQUIDATOR_COMPOSITION	Izmaiņas likvidatoru sastāvā	Changes to the composition of the liquidators
publication_change_types	CHANGE_IN_LIQUIDATOR_DATA	Izmaiņas informācijā par likvidatoru	Changes in liquidator data
publication_change_types	CHANGE_IN_MEMBER_DATA	Izmaiņas informācijā par biedru	Changes in member data
publication_change_types	CHANGE_IN_PROCURIST_DATA	Izmaiņas informācijā par prokūristu	Changes in procurist data
publication_change_types	CHANGE_LIMITED_PARTNERS_COMPOSITION	Izmaiņas komandītu sastāvā	Changes to the composition of limited partners
publication_change_types	CHANGE_MEMBERS_COMPOSITION	Izmaiņas biedru sastāvā	Changes to the composition of members
publication_change_types	CHANGES_IN_ADDRESS	Adreses izmaiņas	Change of address
publication_change_types	CHANGES_IN_FOREIGN_ENTITY	Izmaiņas informācijā par ārvalsts komersantu	Change of foreign entity information
publication_change_types	CHANGES_IN_LIMITED_PARTNER_RIGHTS	Izmaiņas komandītu pārstāvības tiesībās	Changes to representation rigths of limited partners
publication_change_types	CHANGES_IN_MEMBER_RIGHTS	Izmaiņas biedru pārstāvības tiesībās	Changes to the composition of limited partners
publication_change_types	CHANGES_IN_NAME	Nosaukuma izmaiņas	Change of name
publication_change_types	CHANGES_IN_OWNER	Izmaiņas informācijā par komersantu	Data changes
publication_change_types	CHANGES_IN_PROCUR	Izmaiņas informācijā par prokūru	Changes in a procuration data
publication_change_types	CHANGES_IN_STATUTES	Statūtu grozījumi	Amendments to the statutes
publication_change_types	CHANGES_OF_TERM	Izmaiņas darbības termiņā	Changes of aimed term
publication_change_types	CONCERN_CHANGE	Koncerna līguma grozīšana	Changes of the concern agreement
publication_change_types	CONCERN_END	Koncerna līguma izbeigšana	Termination of the concern agreement
publication_change_types	CONCERN_NEW	Koncerna līguma noslēgšana	Conclusion of the concern agreement
publication_change_types	CONTINUATION	Darbības turpināšana	Continuation
publication_change_types	DEPOSITARY_REGISTRATION	Centrālā vērtspapīru depozitārija reģistrācija	Registration of the central securities depository
publication_change_types	DEPOSITARY_REMOVAL	Centrālā vērtspapīru depozitārija dzēšana	Removal of the central securities depository
publication_change_types	EXCLUSION_FROM_COMMERCIAL_REGISTER	Izslēgšana no komercreģistra	Exclusion from the commercial register
publication_change_types	FOREIGN_ENTITY_END	Ziņas par ārvalsts komersanta darbības izbeigšanu un likvidāciju	Termination and liquidation of the foreign entity
publication_change_types	FOREIGN_ENTITY_INSOLVENCY_END	Ziņas par ārvalsts komersanta maksātnespējas procesa izbeigšanu	Termination of the insolvency proceeding of the foreign entity
publication_change_types	FOREIGN_ENTITY_INSOLVENCY_START	Ziņas par ārvalsts komersanta maksātnespējas procesa pasludināšanu	Declaration of the insolvency proceeding of the foreign entity
publication_change_types	FOREIGN_ENTITY_REORGANIZATION	Ziņas par ārvalsts komersanta reorganizāciju	Reorganisation of the foreign entity
publication_change_types	GUARDIAN_INFO	Ziņas par aizbildni	Data of guardian
publication_change_types	GUARDIAN_INFO_MEMBER	Pārstāvēttiesīgā biedra aizbildņa informācija	Guardian data
publication_change_types	INSOLVENCY_ADMIN_APPOINT	Izmaiņas maksātnespējas administratora statusā	Changes in insolvency process administrator status
publication_change_types	INSOLVENCY_PROCESS_START	Maksātnespējas procesa pasludināšana un administratora iecelšana	Declaration of the insolvency proceeding
publication_change_types	INSOLVENCY_PROCESS_START_END	Maksātnespējas procesa izbeigšana	Termination of the insolveny proceeding
publication_change_types	LEGAL_PROTECTION_PROCESS_END	Komersanta tiesiskās aizsardzības procesa izbeigšana	Termination of the legal protection process
publication_change_types	LEGAL_PROTECTION_PROCESS_START	Komersanta tiesiskās aizsardzības procesa īstenošanas pasludināšana	Declaration of the legal protection process
publication_change_types	LIMITED_PARTNER_INDIVIDUAL_INVESTMENT	Komandīta ieguldījuma summas izmaiņas	Change of limited partner investment
publication_change_types	LIMITED_PARTNERS_INVESTMENT	Komandītsabiedrības kopējā ieguldījuma izmaiņas	Change of total investment
publication_change_types	NEW_GUARDIANSHIP	Ziņas par aizgādnības nodibināšanu	Establishment of guardianship
publication_change_types	NEW_GUARDIANSHIP_MEMBER	Ziņas par aizgādnības nodibināšanu	Establishment of guardianship
publication_change_types	NEW_PROCUR	Prokūras izdošana	Issue of a procuration
publication_change_types	PERSON_CODE_UPDATE	Personas koda datu aktualizācija	Personal code data update
publication_change_types	RENEWAL	Darbības atjaunošana	Renewal
publication_change_types	REORGANIZATION	Reorganizācija	Reorganisation
publication_change_types	REORGANIZATION_CROSSBORD_MERGER	Pārrobežu apvienošana	Crossborder merger
publication_change_types	REORGANIZATION_ENTRY_IN_COMMERCIAL_REGISTER	Ierakstīšana komercreģistrā	Registration in the Commercial Register
publication_change_types	REORGANIZATION_PRE-MERGER	Pirmsapvienošanās apliecības izsniegšana	Issuance of the pre-merger certificate
publication_change_types	SUSPENSION	Darbības apturēšana	Suspenstion
publication_change_types	TERMINATED_GUARDIANSHIP	Ziņas par aizgādnības izbeigšanu	Termination of guardianship
publication_change_types	TERMINATED_GUARDIANSHIP_MEMBER	Ziņas par aizgādnības izbeigšanu	Termination of the guardianship
publication_change_types	TERMINATED_PROCUR	Prokūras izbeigšana	Termination of a procuration
publication_change_types	TERMINATION	Darbības izbeigšana	Termination
publication_change_types	TERMINATION_AND_LIQUIDATION_START	Darbības izbeigšana un likvidācijas procesa uzsākšana	Termination and commencement of the liquidation process
publication_person_statuses	APPOINTED	Iecelti	Appointed
publication_person_statuses	CHANGES_OF_DATA	Datu izmaiņas	Data changes
publication_person_statuses	CHANGES_OF_REPRESENTATIVE_SCOPE	Tiesību izmaiņas	Rights changes
publication_person_statuses	INVESTMENT_CHANGES	Ieguldījuma summas izmaiņas	Investment changes
publication_person_statuses	PERSON_CODE_UPDATE	Personas koda datu aktualizācija	Personal code data update
publication_person_statuses	RELEASED	Atbrīvoti	Released
publication_person_types	AUTHORIZED_PERSON	pilnvarotā persona	authorized person
publication_person_types	FILIAL_REPRESENTATIVE	filiāles pārstāvis	representative
publication_person_types	GUARDIAN	aizbildnis	guardian
publication_person_types	INSOLVENCY_ADMIN	maksātnespējas administrators	insolvency practitioner
publication_person_types	LIMITED_PARTNER	komandīts	limited partner
publication_person_types	LIQUIDATOR	likvidators	liquidator
publication_person_types	MEMBER	dalībnieks	member
publication_person_types	MEMBER_OF_BOARD	valdes loceklis	member of board
publication_person_types	MEMBER_OF_COUNCIL	padomes loceklis	member of council
publication_person_types	OWNER	komersants	sole trader
publication_person_types	PARTNER	biedrs	member
publication_person_types	PROCURIST	prokūrists	procurist
publication_person_types	WARD	persona, kurai nodibināta aizgādnība	ward
publication_statuses	ANNULLED	Anulēts	Annulled
publication_statuses	PUBLISHED	Publicēts	Published
publication_statuses	UNPUBLISHED	Nepublicēts	Unpublished
publication_statuses	WITHDRAWN	Atsaukts	Withdrawn
publication_types	CHANGES	Izmaiņas	Changes
publication_types	LIQUIDATION	Likvidācija	Liquidations
publication_types	NEW	Jauns	New
publication_types	NOTICE	Paziņojums	Notice
publication_types	REORGANIZATION	Reorganizācija	Reorganizations
register	ARBITRAGE	Šķīrējtiesu reģistrs	Arbitrage Register
register	ASSOCIATIONS_AND_FOUNDATIONS	Biedrību un nodibinājumu reģistrs	Register of Associations and Foundations
register	COMMERCIAL	Komercreģistrs	Commercial Register
register	COMMERCIAL_PLEDGES	Komercķīlu reģistrs	Register of Commercial Pledges
register	ENTERPRISE_REGISTER_JOURNAL	Uzņēmumu reģistra žurnāls	Enterprise Register Journal
register	EUROPEAN_ECONOMIC_INTEREST_GROUPINGS	Eiropas ekonomisko interešu grupu reģistrs	Register of European Economic Interest Groupings
register	INSOLVENCY	Maksātnespējas reģistrs	Insolvency register
register	MASS_MEDIA	Masu informācijas līdzekļu reģistrs	Mass Media Register
register	POLITICAL_ORGANISATIONS	Politisko organizāciju un to apvienību reģistrs	Register of Political Organisations (historical)
register	POLITICAL_PARTIES	Politisko partiju reģistrs	Register of Political Parties
register	PUBLIC_ORGANISATIONS	Sabiedrisko organizāciju reģistrs	Register of Public Organisations (historical)
register	PUBLIC_PERSONS_INSTITUTIONS	Publisko personu un iestāžu saraksts	List of public persons and authorities
register	PUBLIC_PRIVATE_PARTNERSHIP_CONTRACTS	Publiskās un privātās partnerības līgumu reģistrs	Register of Public and Private Partnership Contracts
register	RELIGIOUS_ORGANISATIONS_AND_INSTITUTIONS	Reliģisko organizāciju un to iestāžu reģistrs	Register of Religious Organisations and Institutions Thereof
register	REPRESENTATIVE_OFFICES	Pārstāvniecību reģistrs	Register of Representative Offices
register	SPOUSAL_PROPERTY_RELATIONS	Laulāto mantisko attiecību reģistrs	Spousal Property Relations Register
register	TRADE_UNIONS	Arodbiedrību reģistrs	Register of Trade Unions (historical)
registration_removal_reason	ADDRESS_UPDATE	Adreses aktualizācija	Address update
registration_removal_reason	ANNULLED	Anulēts	Annulled
registration_removal_reason	DATA_CHANGES	Datu izmaiņas	Data changes
registration_removal_reason	DECEASED	Miris	Deceased
registration_removal_reason	ERROR_CORRECTION	Kļūdas labošana	Error correction
registration_removal_reason	INFORMATION_REMOVED	Ziņas izslēgtas 10.04.2006	Information removed on 10.04.2006
registration_removal_reason	REMOVED_BY_CSN_DECISION	Izslēgts, pamatojoties uz GVN lēmumu	Removed by Chief State Notar (CSN) decision
registration_removal_reason	RESTORED	Darbība atjaunota	Restored
registration_removal_reason	RESTORED_BY_CSN_DECISION	Atjaunots, pamatojoties uz GVN lēmumu	Restored by Chief State Notar (CSN) decision
registration_removal_reason	SUSPENDED	Darbība apturēta	Suspended
religious_affiliation	ADVENTIST	Septītās Dienas Adventistu	Seventh-day Adventist Church
religious_affiliation	ANGLICAN	Anglikāņu	Anglican Communion
religious_affiliation	APOSTOLIC	Apustuliskā	Apostolic Church
religious_affiliation	ARMENIAN	Senaustrumu Apustuliskā	Armenian Apostolic Church
religious_affiliation	AUGSBURG	Augsburgas (luterāņu)	Augsburg Confession
religious_affiliation	BAHAI	Bahai	Baha'i
religious_affiliation	BAPTIST	Baptistu	Baptist
religious_affiliation	BRANHAMISM	Branhamistu	Branhamism
religious_affiliation	BUDDHIST	Budistu	Buddhist
religious_affiliation	CATHOLIC	Katoļu	Roman Catholic
religious_affiliation	CHRISTIAN_SCIENCE	Kristīgās Zinātnes	Christian Science
religious_affiliation	DE_LUTHERAN	Vācu luterāņu	German Lutheran
religious_affiliation	DENOMINATIONAL_BODY	Konfesiju Iestāde	Denominational body
religious_affiliation	HINDU	Hinduisti	Hindu
religious_affiliation	INTERFAITH	Starpkonfesionāla	Inter-faith
religious_affiliation	ISLAM	Islāms	Islam
religious_affiliation	JEHOVAHS_WITNESSES	Jehovas Liecinieku	Jehovah's Witnesses
religious_affiliation	JEWISH	Jūdu (Mozus) Ticīgo	Jewish
religious_affiliation	LV_DIEVTURI	Dievturu	Latvian Dievturi
religious_affiliation	LV_EVANGELICAL	Evaņģēlisko Kristiešu	Latvian Evangelical Christians
religious_affiliation	LV_EVANGELICAL_FAITH	Evaņģēliskās Ticības Kristiešu	Latvian Christians of Evangelical Faith
religious_affiliation	LV_EVANGELICAL_GOD	Evaņģēliskā Dieva	Latvian Congregation of Evangelical God 
religious_affiliation	LV_EVANGELICAL_MESSIAH	Evaņģēlisko Mesijas Sekotāju	Latvian Evangelical Messiah-Followers
religious_affiliation	LV_EVANGELICAL_NG	Evaņģēlisko kristiešu (Jaunā Paaudze)	Latvian Evangelical Christions (New Generation)
religious_affiliation	LV_EVANGELICAL_PIOUS	Evaņģēliski dievbijīgie	Latvian Evangelical Pious
religious_affiliation	LV_YOUTH_CHRISTIAN	Jaunatnes Kristīgā Savienība	Latvian Youth Christian Association
religious_affiliation	LV_LUTHERAN	Luterāņu	Latvian Lutheran
religious_affiliation	METHODIST	Metodistu	Methodist
religious_affiliation	MORMON	Pēdējo dienu svēto (mormoņu)	The Church of Jesus Christ of Latter-day Saints
religious_affiliation	NEW_APOSTOLIC	Jaunapustulisko kristiešu	New Apostolic Church
religious_affiliation	OLD_BELIEVER	Vecticībnieku	Old Believer
religious_affiliation	ORTHODOX	Pareizticīgo	Easterm Orthodox
religious_affiliation	PENTACOSTAL	Vasarsvētku	Pentacostal
religious_affiliation	PRESBYTERIAN	Presbiterāņu	Presbyterian 
religious_affiliation	PROTESTANT	Protestantu	Protestant
religious_affiliation	REFORMED	Reformātu	Reformed Church
religious_affiliation	SALVATION_ARMY	Pestīšanas Armija	The Salvation Army
religious_affiliation	SHINTO	Sintoisti	Shinto
religious_affiliation	SIKH	Sikhisms	Sikh
religious_affiliation	SUKIYO_MAHIKARI	Sūkjo Mahikari	Sukyo Mahikari
religious_affiliation	UNITARIANISM	Kristīgais unitārisms	Christian Unitarianism
religious_affiliation	UNITAS_FRATRUM	Hernhūtisms	Moravian Church
religious_affiliation	VAISHNAVISM	Vaišnavu	Vaishnavism
religious_affiliation	VISSARION	Pēdējās derības	Church of the Last Testament
reorganization	ACQUISITION	Pievienošana	Acquisition
reorganization	DIVISION	Sašķelšana	Division by splitting up
reorganization	MERGER	Saplūšana	Merger with consolidation
reorganization	OTHER	Cits	Other
reorganization	REORGANISATION	Reorganizācija	Reorganisation
reorganization	SEPARATION	Nodalīšana	Divestiture separation
reorganization	TRANSFORMATION	Pārveidošana	Transformation, change of  form or restructuring
rights_of_representation	INDIVIDUALLY	Tiesības pārstāvēt atsevišķi	Right to represent individually
rights_of_representation	NO_RIGHT	Nav tiesību pārstāvēt	No right of representation
rights_of_representation	SIGNATORY_POWER	Paraksta tiesības	Signatory power
rights_of_representation	WITH_ALL	Kopā ar visiem	Jointly with all persons entitled to represent
rights_of_representation	WITH_AT_LEAST	Kopā ar vismaz	Jointly with at least {withAtLeast} persons entitled to represent
rights_of_representation	WITH_CHAIR	Kopā ar valdes priekšsēdētāju	Jointly with  the Chairperson of the Board
rights_of_representation	WITH_DEPUTY_CHAIR	Kopīgi ar valdes priekšsēdētāja vietnieku	Jointly with the Deputy Chairperson of the Board
rights_of_representation	WITH_PROKURIST	Kopīgi ar prokūristu	"Jointly with  the ""prokurist"""
rights_to_land	OWNERSHIP	Īpašuma tiesības	Right of ownership
rights_to_land	USE	Lietošanas tiesības	Right of use
securing_measure	ATTACHMENT	Arests	Attachment
securing_measure	LIEN	Apķīlājums	Lien
securing_measure	PROHIBITION	Aizliegums	Prohibition
spousal_party	BOTH	Abi	Both
spousal_party	HUSBAND	Vīrs	Husband
spousal_party	WIFE	Sieva	Wife
spousal_property_relationship	AGREEMENT_ON_DIVISION_OF_PROPERTY	Vienošanās par mantas sadali	Agreement on the division of the property
spousal_property_relationship	JOINT_OWNERSHIP_OF_ALL_PROPERTY	Mantas kopība	Joint ownership of the entire property
spousal_property_relationship	SEPARATE_OWNERSHIP_OF_ALL_PROPERTY	Visas mantas šķirtība	Separate ownership of the entire property
spousal_property_relationship	SEPARATE_PROPERTY	Atsevišķā manta	Separate property
status	ANNULLED	Anulēts	Annulled
status	REGISTERED	Reģistrēts	Registered
status	REMOVED	Izslēgts no reģistra	Removed from the register
status_details	IN_LIQUIDATION	Aktīvs likvidācijas process	Pending liquidation proceeding
status_details	REORGANIZED	Izslēgts reorganizācijas rezultātā	Removed from the register as a result of reorganization
subordination	CONTROL	Pakļautībā 	Under control
subordination	SUPERVISION	Pārraudzībā	Under supervision
various_notice	ADDRESS_TRANSFER_PROPOSAL	Adreses maiņas priekšlikums	The address transfer proposal
various_notice	AMENDMENTS_TO_DECISION_ON_REORGANISATION	Grozījumi reorganizācijas lēmuma projektā	Amendments to the decision on reorganisation
various_notice	AMENDMENTS_TO_PLAN_FOR_EXTINGUISHING_OBLIGATIONS	Saistību dzēšanas plāna grozījumi	Amendments to the plan for extinguishing the obligations
various_notice	AMENDMENTS_TO_PLAN_FOR_PROPERTY_SALE_AND_SETTLING_OF_CLAIMS	Mantas pārdošanas un kreditoru prasījumu apmierināšanas plāna grozījumi	Amendments to the plan for property sale and settling of creditors’ claims
various_notice	AMENDMENTS_TO_REORGANISATION_DRAFT_AGREEMENT	Grozījumi reorganizācijas līguma projektā	Amendments to the Reorganisation draft agreement 
various_notice	CERTIFICATION_OF_THE_DEPOSITARY	Depozitārija apliecinājums	Certification of the depositary
various_notice	CONFIRMATION_THAT_ARBITRATORS_UPDATED	Apliecinājums par šķīrējtiesnešu saraksta aktualitāti	Confirmation that the list of arbitrators is updated (historical)
various_notice	CONFIRMATION_UNDER_ARTICLE_8_5A_OF_ARBITRATION_LAW	Apliecinājums atbilstoši Šķīrējtiesu likuma 8.panta piektajai prim daļai	Confirmation under Paragraph 5', Article 8 of the Arbitration Law
various_notice	CONFIRMATION_UNDER_ARTICLE_8_6_OF_ARBITRATION_LAW	Apliecinājums atbilstoši Šķīrējtiesu likuma 8.panta sestajai daļai	Confirmation under Paragraph 6, Article 8 of the Arbitration Law 
various_notice	CORRECTED_PLAN_FOR_PROPERTY_SALE	Precizēts mantas pārdošanas plāns	Corrected plan for property sale
various_notice	DECISION_ON_CHANGE_OF_ADDRESS	Lēmums par adreses maiņu	Decision on the change of address
various_notice	DECISION_ON_CHANGE_OF_CANNONICAL_SUBORDINATION	Lēmums par kanoniskās pakļautības maiņu	Decision on the change of canonical subordination
various_notice	DECISION_ON_CHANGE_OF_THE_NAME	Lēmums par nosaukuma maiņu	Decision on the change of the name
various_notice	DECISION_ON_LIQUIDATION	Lēmums par likvidēšanu	Decision on the liquidation
various_notice	DECISION_ON_RECOGNITION	Lēmums par atzīšanu	Decision on the recognition
various_notice	DECISION_ON_REORGANISATION	Lēmums par reorganizāciju	Decision on the reorganisation
various_notice	DIVISION_OF_REGISTER_OF_SHAREHOLDERS	Dalībnieku reģistra nodalījums	Division of the Register of Shareholders
various_notice	DRAFT_DECISION_ON_REORGANISATION	Reorganizācijas lēmuma projekts	Draft decision on reorganisation
various_notice	LIST_OF_ARBITRATORS	Šķīrējtiesnešu saraksts	List of arbitrators (historical)
various_notice	NOTICE_ON_THE_STOCKHOLDERS_PARTICIPATION	Paziņojums par akcionāra līdzdalību	Notice on the stockholder’s participation
various_notice	NOTIFICATION_ON_COMPLIANCE_WITH_CONDITIONS_ON_SIGNIFICANCE_TO_NATIONAL_SECURITY	Paziņojums par juridiskās personas (tajā skaitā personālsabiedrības) atbilstību nacionālajai drošībai nozīmīgas juridiskās personas nosacījumiem	Notification on compliance of a legal person (including General Partnership) with conditions on a legal person significant for national security
various_notice	NOTIFICATION_ON_EXPIRY_OF_COMPLIANCE_WITH_CONDITIONS_ON_SIGNIFICANCE_TO_NATIONAL_SECURITY	Paziņojums par juridiskās personas (tajā skaitā personālsabiedrības) atbilstības nacionālajai drošībai nozīmīgas juridiskās personas nosacījumiem izbeigšanos	Notification on expiry of compliance of a legal person (including General Partnership) with conditions on a legal person significant for national security
various_notice	NOTIFICATION_ON_REDUCTION_IN_EQUITY_CAPITAL	Paziņojums par pamatkapitāla samazināšanu	Notification on reduction in the equity capital
various_notice	PLAN_FOR_EXTINGUISHING_OBLIGATIONS	Saistību dzēšanas plāns	Plan for extinguishing the obligations
various_notice	PLAN_FOR_PROPERTY_SALE	Mantas pārdošanas plāns	Plan for property sale
various_notice	PLAN_FOR_PROPERTY_SALE_AND_SETTLING_OF_CLAIMS	Mantas pārdošanas un kreditoru prasījumu apmierināšanas plāns	Plan for property sale and settling of creditors' claims
various_notice	PROPOSAL_ON_TRANSFERRING_ADDRESS_OF_EEIG	Priekšlikums mainīt Eiropas ekonomisko interešu grupas juridisko adresi	Proposal on transferring the legal address of the European Economic Interest Grouping
various_notice	PROPOSAL_ON_TRANSFERRING_ADDRESS_OF_SCE	Priekšlikums mainīt Eiropas kooperatīvās sabiedrības juridisko adresi	Proposal on transferring the legal address of the European cooperative society
various_notice	PROPOSAL_ON_TRANSFERRING_ADDRESS_OF_SE	Priekšlikums mainīt Eiropas komercsabiedrības juridisko adresi	Proposal on transferring the legal address of the European Sompany
various_notice	REGISTER_OF_SHAREHOLDERS	Dalībnieku reģistrs	Register of Shareholders (historical)
various_notice	REGISTER_OF_STOCKHOLDERS	Akcionāru reģistrs	Register of stockholders
various_notice	REORGANISATION_DRAFT_AGREEMENT	Reorganizācijas līguma projekts	Reorganisation draft agreement 
various_notice	RULES_OF_PROCEDURE	Reglaments	Rules of procedure
various_status	BENEFICIAL_OWNER_CANNOT_BE_IDENTIFIED	Juridiskās personas patieso labuma guvēju noskaidrot nav iespējams	The beneficial owner of a legal person cannot be identified
various_status	BENEFICIAL_OWNER_CONTROL_RESULTS_FROM_SHAREHOLDERS_STATUS	Patiesais labuma guvējs ir akcionārs tādā akciju sabiedrībā, kuras akcijas ir iekļautas regulētajā tirgū, un veids, kādā tiek īstenota kontrole pār juridisko personu, izriet tikai no akcionāra statusa	The beneficial owner is a shareholder of a public company with shares admitted for trading on a regulated market, and control over the legal person only results from the shareholder’s status
various_status	SIGNIFICANT_TO_NATIONAL_SECURITY	Nacionālai drošībai nozīmīga juridiskā persona (tajā skaitā personālsabiedrība)	Legal person of significance to national security (including General Partnership)
